title,url
Pipelyden,https://nrk-pod-pd.telenorcdn.net/podkast/podcastpublisher_prod/fantorangens_lydmysterier/70c74dec-f9b7-43a6-874d-ecf9b723a623_1_ID192MP3.mp3
Flyvesykkelen,https://nrk-pod-pd.telenorcdn.net/podkast/podcastpublisher_prod/fantorangens_lydmysterier/33263c44-ccce-4f03-a63c-44ccce6f0399_1_ID192MP3.mp3
Fantorangen savner mamma,https://nrk-pod-pd.telenorcdn.net/podkast/podcastpublisher_prod/fantorangens_lydmysterier/06890e96-15ef-4205-890e-9615efa205ae_1_ID192MP3.mp3
Hvalen,https://nrk-pod-pd.telenorcdn.net/podkast/podcastpublisher_prod/fantorangens_lydmysterier/50e31735-de29-40cb-ac2a-49b9aa6b3d39_0_ID192MP3.mp3
Kjempegresshoppen,https://nrk-pod-pd.telenorcdn.net/podkast/podcastpublisher_prod/fantorangens_lydmysterier/8b3e13ce-e0bd-4f29-9d19-561ee28b8268_0_ID192MP3.mp3
Blåseuhyret,https://nrk-pod-pd.telenorcdn.net/podkast/podcastpublisher_prod/fantorangens_lydmysterier/40a163d4-fafa-40cd-96be-5f421e6430b8_0_ID192MP3.mp3
Nisselatter,https://nrk-pod-pd.telenorcdn.net/podkast/podcastpublisher_prod/fantorangens_lydmysterier/e95534d3-4786-45d9-a30a-b3511120c54a_0_ID192MP3.mp3
Halloween,https://nrk-pod-pd.telenorcdn.net/podkast/podcastpublisher_prod/fantorangens_lydmysterier/da9f6bcd-e037-4d00-a71f-c5b61b18c3f1_0_ID192MP3.mp3
Gjett lyden i Maurtua,https://nrk-pod-pd.telenorcdn.net/podkast/podcastpublisher_prod/fantorangens_lydmysterier/04d150be-d68a-4bf2-9e6b-662b62accd25_0_ID192MP3.mp3
Tyggegummiboble på månen,https://nrk-pod-pd.telenorcdn.net/podkast/podcastpublisher_prod/fantorangens_lydmysterier/986a3fa0-fe9c-4b2c-a38e-3d651d42ecad_0_ID192MP3.mp3
Skogen må reddes,https://nrk-pod-pd.telenorcdn.net/podkast/podcastpublisher_prod/fantorangens_lydmysterier/7ba6daf1-83cd-4fa2-9e94-61d667516356_0_ID192MP3.mp3
Sinnaprompen,https://nrk-pod-pd.telenorcdn.net/podkast/podcastpublisher_prod/fantorangens_lydmysterier/56d3c377-a58d-4187-8e28-0662cafaf40c_0_ID192MP3.mp3
Dragemusikk,https://nrk-pod-pd.telenorcdn.net/podkast/podcastpublisher_prod/fantorangens_lydmysterier/cc1c364c-bdd6-438e-943a-c32a1ed4b35b_0_ID192MP3.mp3
Huleknusemonsteret,https://nrk-pod-pd.telenorcdn.net/podkast/podcastpublisher_prod/fantorangens_lydmysterier/f4e4fd41-0906-402f-91dd-d2a2365d8ed6_0_ID192MP3.mp3
Ekko,https://nrk-pod-pd.telenorcdn.net/podkast/podcastpublisher_prod/fantorangens_lydmysterier/8c557992-bb5f-44a5-aac4-77ca9beb0c2e_0_ID192MP3.mp3
Telttur,https://nrk-pod-pd.telenorcdn.net/podkast/podcastpublisher_prod/fantorangens_lydmysterier/8bbd1f6c-42cc-404a-b268-11f3dcfaba5d_0_ID192MP3.mp3
"Dunk, splæsj, doff",https://nrk-pod-pd.telenorcdn.net/podkast/podcastpublisher_prod/fantorangens_lydmysterier/070af7ef-0867-4b50-b424-2f35a1210d3f_0_ID192MP3.mp3
Modig,https://nrk-pod-pd.telenorcdn.net/podkast/podcastpublisher_prod/fantorangens_lydmysterier/8c99be7d-66a5-4ac7-a546-4c3caaf6e2a4_0_ID192MP3.mp3
Da lydene blåste bort,https://nrk-pod-pd.telenorcdn.net/podkast/podcastpublisher_prod/fantorangens_lydmysterier/14f007fa-2f44-4fee-a840-6fe1d6a0eef8_0_ID192MP3.mp3
Pipelydene,https://nrk-pod-pd.telenorcdn.net/podkast/podcastpublisher_prod/fantorangens_lydmysterier/6ff4dd08-d9ab-4ca2-8a77-8d8a4dfadaff_0_ID192MP3.mp3
